私,わたし,我,0
わたしたち,わたしたち,我们,3
あなた,あなた,你，妳,2
あの人,あのひと,他，她，那个人,2
皆さん,みなさん,各位，大家,2
～さん,～さん,～先生，～小姐，～女士,1
～ちゃん,～ちゃん,用于小孩的名字后,1
～君,～くん,～君（用于男孩的名字后）,1
～じん,～じん,～人（表国籍）,1
先生,せんせい,老师，教导者,3
教師,きょうし,教师,1
学生,がくせい,学生,0
会社員,かいしゃいん,公司职员,3
社員,しゃいん,～公司的职员（和公司名称一起使用）,1
銀行員,ぎんこういん,银行员,3
医者,いしゃ,医生,0
研究者,けんきゅうしゃ,研究人员,3
エンジニア,エンジニア,工程师,3
大学,だいがく,大学,0
病院,びょういん,医院,0
電気,でんき,电，电灯,1
だれ（どなた）,だれ（どなた）,谁（哪位）（“どなた”是“だれ”的礼貌形）,1
…歳,…さい,…岁,1
何歳,なんさい,几岁（おいくつ）（“おいくつ”是“なんさい”的礼貌形）,1
はい,はい,是，对,0
いいえ,いいえ,不，不是,3
失礼ですが,しつれいですが,冒昧请教一下,0
お名前は？,おなまえは？,您贵姓？,0
初めまして。,はじめまして。,初次见面。（第一次见面时的寒喧）,4
どうぞよろしく［お願いします］。,どうぞよろしく［おねがいします］。,请多关照。（第一次见面的问候语）,
こちらは～さんです。,こちらは～さんです。,这位是～先生/小姐。,
～から来ました。,～からきました。,我从～來。,
これ,これ,这（事物近己方）,0
それ,それ,那（事物近对方）,0
あれ,あれ,那（事物在远方）,0
この～,この～,这（近己方）,0
その～,その～,那（近对方）,0
あの～,あの～,那（远方）,0
本,ほん,书本，书籍,1
辞書,じしょ,词典,1
雑誌,ざっし,杂志,0
新聞,しんぶん,报纸,0
ノート,ノート,笔记本,1
手帳,てちょう,记事本,0
名刺,めいし,名片,0
カード,カード,卡片,1
鉛筆,えんぴつ,铅笔,0
ボールペン,ボールペン,原子笔,0
シャープペンシル,シャープペンシル,自动铅笔,4
かぎ,かぎ,钥匙,2
時計,とけい,钟表,0
傘,かさ,伞,1
かばん,かばん,书包，手提包，皮包,0
テープ,テープ,录音带,5
テープレコーダー,テープレコーダー,录音机,5
テレビ,テレビ,电视,1
ラジオ,ラジオ,收音机,1
カメラ,カメラ,照相机,1
コンピューター,コンピューター,电脑,3
自動車,じどうしゃ,汽车,2
机,つくえ,桌子,0
いす,いす,椅子,0
チョコレート,チョコレート,巧克力,3
コーヒー,コーヒー,咖啡,3
英語,えいご,英语,0
日本語,にほんご,日语,0
～語,～ご,～语,
何,なん,什么,1
そう,そう,是的,0
違います。,ちがいます。,不对。/不是。,
そうですか。,そうですか。,我了解了/是吗？,
あのう,あのう,嗯（用于表示躊躇）,
ほんのきもちです。,ほんのきもちです。,小意思。/只是一点心意。ほんの気持ちです。,
どうぞ。,どうぞ。,请。/给你,1
どうも。,どうも。,谢了。,1
［どうも］ありがとう［ございます］。,［どうも］ありがとう［ございます］。,（非常）谢谢你。,
ここ,ここ,这里，这个地方,0
そこ,そこ,那里，那个地方,0
あそこ,あそこ,那里，那个地方,0
どこ,どこ,哪里，哪个地方,1
こちら,こちら,这边（“ここ”的礼貌形）,0
そちら,そちら,那边（“そこ”的礼貌形）,0
あちら,あちら,那边（“あちら”的礼貌形）,0
どちら,どちら,哪边（“どこ”的礼貌形）,1
教室,きょうしつ,教室,0
食堂,しょくどう,餐厅，食堂,0
事務所,じむしょ,办公室,2
会議室,かいぎしつ,会议室,3
受付,うけつけ,传达室，接待,0
ロビー,ロビー,大厅，休息室,1
部屋,へや,房间,2
トイレ（お手洗い）,トイレ（おてあらい）,厕所（洗手间）,1
階段,かいだん,楼梯,0
エレベーター,エレベーター,电梯,3
［お］国,［お］くに,贵国,0
会社,かいしゃ,公司,0
うち,うち,家，房子,0
電話,でんわ,电话，电话呼叫,0
靴,くつ,鞋子,2
ネクタイ,ネクタイ,领带,1
ワイン,ワイン,葡萄酒,1
たばこ,たばこ,香烟,0
売り場,うりば,柜台，卖场,0
地下,ちか,地下,1
…階,…かい,…楼,1
何階,なんがい,几楼,1
…円,…えん,?日元,1
いくら,いくら,多少钱,1
百,ひゃく,百,2
千,せん,千,1
万,まん,万,1
起きます,おきます,起床，起来,
寝ます,ねます,睡觉，就寝,
働きます,はたらきます,工作,
休みます,やすみます,休息,
勉強します,べんきょうします,念书，用功,
終わります,おわります,结束,
デパート,デパート,百货公司,2
銀行,ぎんこう,银行,0
郵便局,ゆうびんきょく,邮局,3
図書館,としょかん,图书馆,2
美術館,びじゅつかん,美术馆,3
今,いま,现在,1
…時,…じ,…点（钟）,1
…分,…ふん（…ぷん）,…分（钟）,1
半,はん,半,1
何時,なんじ,几点,1
何分,なんぷん,几分,1
午前；早晨,ごぜん,上午,1
午後,ごご,下午,1
朝,あさ,早上,1
昼,ひる,白天，中午,2
晩（夜）,ばん（よる）,晚上，夜晚,0
おととい,おととい,前天,3
きのう,きのう,昨天,2
きょう,きょう,今天,1
あした,あした,明天,3
あさって,あさって,后天,2
けさ,けさ,今天早上,1
今晩,こんばん,今天晚上,1
休み,やすみ,休息，休假,3
昼休み,ひるやすみ,午休,3
毎朝,まいあさ,每天早上,1
毎晩,まいばん,每天晚上,1
毎日,まいにち,每天,1
月曜日,げつようび,星期一,3
火曜日,かようび,星期二,2
水曜日,すいようび,星期三,3
木曜日,もくようび,星期四,3
金曜日,きんようび,星期五,3
土曜日,どようび,星期六,2
日曜日,にちようび,星期天,3
何曜日,なんようび,星期几,3
番号,ばんごう,号码,3
何番,なんばん,几号,1
～から,～から,从～,
～まで,～まで,到～,
～と～,～と～,和（用于连接名词）,
そちら,そちら,那里,0
大変ですね。,たいへんですね。,够呛。/（表示同情和慰问对方的心情）,
え―と,え―と,嗯，我看看,
行きます,いきます,去,
来ます,きます,来,
帰ります,かえります,回家，回去,
学校,がっこう,学校,0
スーパー,スーパー,超级市场,1
駅,えき,车站;火车站,1
飛行機,ひこうき,飞机,2
船,ふね,船,1
電車,でんしゃ,电车,1
地下鉄,ちかてつ,地下铁,1
新幹線,しんかんせん,新干线,3
バス,バス,公车，巴士,1
タクシー,タクシー,计程车,1
自転車,じてんしゃ,自行车，脚踏车,2
歩いて,あるいて,步行,
人,ひと,人,0
友達,ともだち,朋友,0
彼,かれ,他，男朋友，情人,1
彼女,かのじょ,她，女朋友，情人,1
家族,かぞく,家人，家属,1
一人で,ひとりで,一个人，独自,
先週,せんしゅう,上周，上星期,0
今週,こんしゅう,本周，这星期,0
来週,らいしゅう,下周，下星期,0
先月,せんげつ,上个月,1
今月,こんげつ,这个月,0
来月,らいげつ,下个月,1
去年,きょねん,去年,1
ことし,ことし,今年,0
来年,らいねん,明年,0
…月,…がつ,…月,
何月,なんがつ,几月,1
1日,ついたち,1日，1号,0
2日,ふつか,2日，2号,0
3日,みっか,3日，3号,0
4日,よっか,4日，4号,0
5日,いつか,5日，5号,0
6日,むいか,6日，6号,0
7日,なのか,7日，7号,0
8日,ようか,8日，8号,0
9日,ここのか,9日，9号,0
10日,とおか,10日，10号,0
14日,じゅうよっか,14日，14号,
20日,はつか,20日，20号,
24日,にじゅうよっか,24日，24号,
…日,…にち,…日，…号,
何日,なんにち,几日，几号,
いつ,いつ,什么时候,1
誕生日,たんじょうび,生日,3
普通,ふつう,普通车,0
急行,きゅうこう,快车,0
次の,つぎの,下一个，下一次,0
食べます,たべます,吃,
飲みます,のみます,喝，饮，服用,
吸います,すいます,吸（烟）［たばこを～］,
見ます,みます,看,
聞きます,ききます,听,
読みます,よみます,阅读,
書きます,かきます,书写,
買います,かいます,购买,
撮ります,とります,拍（照），（摄影）［しゃしんを～］［写真を～］,
します,します,做,
会います,あいます,遇见，碰见（朋友）［ともだちに～］［友達に～］,
ごはん,ごはん,餐，米饭,1
朝ごはん,あさごはん,早餐,3
昼ごはん,ひるごはん,中餐,3
晩ごはん,ばんごはん,晚餐,3
パン,パン,面包,1
卵,たまご,鸡蛋,2
肉,にく,肉,2
魚,さかな,鱼,0
野菜,やさい,蔬菜,0
果物,くだもの,水果,2
水,みず,水,0
お茶,おちゃ,茶,0
紅茶,こうちゃ,红茶,0
牛乳,ぎゅうにゅう,牛奶（ミルク）,0
ジュース,ジュース,果汁,1
ビール,ビール,啤酒,1
［お］酒,［お］さけ,酒类，日本酒,0
ビデオ,ビデオ,录影带，录影机,1
映画,えいが,电影,1
CD,CD,CD，雷射唱盘,
手紙,てがみ,信,0
レポート,レポート,报告,2
写真,しゃしん,相片,0
店,みせ,商店,2
レストラン,レストラン,餐厅,1
庭,にわ,院子,0
宿題,しゅくだい,作业（～をします：做作业）,0
テニス,テニス,网球（～をします：打网球）,1
サッカー,サッカー,足球（～をします：踢足球）,1
［お］花見,［お］はなみ,赏花（～をします：去赏花）,3
何,なに,什么,1
いっしょに,いっしょに,一起,0
ちょっと,ちょっと,一下子，稍,1
いつも,いつも,总是,1
時々,ときどき,时常，有时,2
それから,それから,然后,4
ええ,ええ,是，嗯（表赞同）,
いいですね。,いいですね。,好呀。,
わかりました。,わかりました。,我明白了。/我知道了。,
切ります,きります,剪，切,
送ります,おくります,寄送,
あげます,あげます,给，送,
もらいます,もらいます,接受，得到,
貸します,かします,借（出）,
借ります,かります,借（入）,
教えます,おしえます,教,
習います,ならいます,学习,
かけます,かけます,打（电话）［でんわを～］［电話を～］,
手,て,手,1
はし,はし,筷子,1
スプーン,スプーン,汤匙,2
ナイフ,ナイフ,小刀,1
フォーク,フォーク,叉子,1
はさみ,はさみ,剪刀,3
ファクス,ファクス,传真,1
ワープロ,ワープロ,文字处理机,0
パソコン,パソコン,个人电脑,0
パンチ,パンチ,打孔机,1
ホッチキス,ホッチキス,订书机,1
セロテープ,セロテープ,透明胶带,3
消しゴム,けしゴム,橡皮擦,0
紙,かみ,纸,2
花,はな,花,2
シャツ,シャツ,衬衫,1
プレゼント,プレゼント,礼物,2
荷物,にもつ,行李,1
お金,おかね,钱,0
切符,きっぷ,票,0
クリスマス,クリスマス,圣诞节,3
父,ちち,家父,1
母,はは,家母,1
お父さん,おとうさん,（他人的）父亲,2
お母さん,おかあさん,（他人的）母亲,2
もう,もう,已经,1
まだ,まだ,尚未，还没有,1
これから,これから,从现在起，这就,4
「～、」すてきですね。,「～、」すてきですね。,〔～〕，好棒哟！,
ハンサム［な］,ハンサム［な］,英俊〔的〕,1
きれい［な］,きれい［な］,美丽（的），干净（的）,1
静か［な］,しずか［な］,安静（的）,1
にぎやか［な］,にぎやか［な］,热闹的,2
有名［な］,ゆうめい［な］,有名〔的〕,0
親切［な］,しんせつ［な］,亲切（的）,1
元気［な］,げんき［な］,身体好（的）,1
暇［な］,ひま［な］,空闲（的）,0
便利［な］,べんり［な］,方便〔的〕,1
すてき［な］,すてき［な］,很好〔的〕，很棒〔的〕,0
大きい,おおきい,大,3
小さい,ちいさい,小,3
新しい,あたらしい,新,4
古い,ふるい,旧,2
いい（よい）,いい（よい）,好,1
悪い,わるい,坏,2
暑い、熱い,あつい,热,2
寒い,さむい,寒冷,2
冷たい,つめたい,凉,3
難しい,むずかしい,难,4
易しい,やさしい,简单,3
高い,たかい,高，贵,2
安い,やすい,便宜,2
低い,ひくい,低，矮,2
おもしろい,おもしろい,有趣，有意思,4
おいしい,おいしい,美味，好吃,3
忙しい,いそがしい,忙碌,4
楽しい,たのしい,愉快，高兴,3
白い,しろい,白色的,2
黒い,くろい,黑色的,2
赤い,あかい,红色的,0
青い,あおい,蓝色的,2
桜,さくら,櫻花,0
山,やま,山,2
町,まち,城市，城镇,2
食べ物,たべもの,食物,3
車,くるま,汽车,0
所,ところ,场所，地方,3
寮,りょう,宿舍,1
勉強,べんきょう,学习，用功,0
生活,せいかつ,生活,0
［お］仕事,［お］しごと,工作，职业（～をします：工作）,0
どう,どう,怎样,1
どんな～,どんな～,什么样的～,1
どれ,どれ,哪个,1
とても,とても,很，非常,3
あまり,あまり,不太（用于否定句）,3
そして,そして,而且，还用（用于接续句子）,3
～が、～,～が、～,～，但是～,
お元気ですか。,おげんきですか。,你好吗？,
そうですね。,そうですね。,是呀（用于思考回答时）。,
わかります,わかります,了解，明白，懂,
あります,あります,有,
好き［な］,すき［な］,喜欢（的），爱好（的）,2
嫌い［な］,きらい［な］,讨厌（的），不喜欢（的）,0
上手［な］,じょうず［な］,好（的），高明（的）,3
下手［な］,へた［な］,不行〔的〕，笨拙〔的〕,2
料理,りょうり,料理，菜,1
飲み物,のみもの,饮料,3
スポーツ,スポーツ,运动，体育（～をします：做运动）,2
野球,やきゅう,棒球（～をします：打棒球）,0
ダンス,ダンス,跳舞，舞蹈（～をします：跳舞）,1
音楽,おんがく,音乐,1
歌,うた,歌曲，歌,2
クラシック,クラシック,古典音乐,3
ジャズ,ジャズ,爵士乐,1
コンサート,コンサート,音乐会，演奏会,1
カラオケ,カラオケ,卡拉OK,0
歌舞伎,かぶき,歌舞伎(日本的传统戏剧）,0
絵,え,画,1
字,じ,字,1
漢字,かんじ,汉字,0
ひらがな,ひらがな,平假名,3
かたかな,かたかな,片假名,3
ローマ字,ローマじ,罗马拼音,3
細かい(お金),こまかい(おかね),零钱,
チケット,チケット,票,1
時間,じかん,时间,0
用事,ようじ,（必须办的）事情，工作,0
約束,やくそく,约定，承诺,0
ご主人,ごしゅじん,（他人的）丈夫,2
夫／主人,おっと／しゅじん,（自己的）丈夫,1
奥さん,おくさん,（他人的）妻子,1
妻／家内,つま／かない,（自己的）妻子,1
子ども,こども,小孩,0
よく,よく,很，十分,1
だいたい,だいたい,大致，大概,0
たくさん,たくさん,很多,0
少し,すこし,少，稍微,2
全然,ぜんぜん,完全，一点也（用于否定句）,0
早く、速く,はやく,早些，快些,1
～から,～から,因为～,
残念です［ね］,ざんねんです［ね］。,真遗憾（呀）。,1
すみません。,すみません。,很抱歉。,
います,います,有，在（表示生物的存在）,
あります,あります,有，在（表示无生物的存在）,
いろいろ〔な〕,いろいろ〔な〕,各式各样〔的〕,0
男の人,おとこのひと,男子,3
女の人,おんなのひと,女子,3
男の子,おとこのこ,男孩,3
女の子,おんなのこ,女孩,3
犬,いぬ,狗,2
猫,ねこ,猫,1
木,き,树，木头,1
物,もの,物品，东西,2
フィルム,フィルム,底片，胶卷,1
電池,でんち,电池,1
箱,はこ,盒子,0
スイッチ,スイッチ,开关,2
冷蔵庫,れいぞうこ,冰箱,3
テーブル,テーブル,餐桌,0
べッド,べッド,床,1
棚,たな,架子,0
ドア,ドア,门,1
窓,まど,窗戶,1
ポスト,ポスト,邮筒，信箱,1
ビル,ビル,大厦，大楼,1
公園,こうえん,公园,0
喫茶店,きっさてん,咖啡馆,0
本屋,ほんや,书店,1
～屋,～や,～店,
乗り場,のりば,搭乘火车、计程车等交通工具的场所,0
県,けん,县,1
上,うえ,上，上面,0
下,した,下，下面,0
前,まえ,前，前面,1
うしろ,うしろ,后，后面,0
右,みぎ,右（边）,0
左,ひだり,左（边）,0
中,なか,里面，中间,1
外,そと,外面,1
隣,となり,隔壁，旁边,0
近く,ちかく,附近,2
間,あいだ,之间，中间,0
～や～〔など〕,～や～〔など〕,～啦～〔等〕,
いちばん～,いちばん～,最～（いちばんうえ：最上面，最高),
…段目,…だんめ,第…层（架子的第…层）,
います,います,有〔孩子〕［こどもが～］［子どもが～］,
います,います,在〔日本〕［にほんに～］［日本に～］,
かかります,かかります,花费（金钱或时间）,
休みます,やすみます,向〔公司〕请假［かいしゃを～］［会社を～］,
1つ,ひとつ,一个（用于计算物品）,2
2つ,ふたつ,二个,3
3つ,みっつ,三个,3
4つ,よっつ,四个,3
5つ,いつつ,五个,2
6つ,むっつ,六个,3
7つ,ななつ,七个,2
8つ,やっつ,八个,3
9つ,ここのつ,九个,0
10つ,とお,十个,1
いくつ,いくつ,几个,1
1人,ひとり,一个人,2
2人,ふたり,二个人,3
…人,…にん,…个人,
…だい,…だい,…台（用于计算机械、车辆等机械类时）,
…まい,…まい,…枚（用于计算纸张、邮票等薄的物品时）,
…回,…かい,…次,
りんご,りんご,苹果,0
みかん,みかん,桔子,1
サンドイッチ,サンドイッチ,三明治,4
カレー［ライス］,カレー［ライス］,咖哩〔饭〕,4
アイスクリーム,アイスクリーム,冰淇淋,5
切手,きって,邮票,0
はがき,はがき,明信片,0
封筒,ふうとう,信封,0
速達,そくたつ,限时信,0
書留,かきとめ,挂号信,0
エアメール,エアメール,航空邮件，航空信（こうくうびん）（航空便）,3
船便,ふなびん,船运,0
両親,りょうしん,双亲,1
兄弟,きょうだい,兄弟姐妹,1
兄,あに,（我）哥哥,1
お兄さん,おにいさん,（他人的）哥哥,2
姉,あね,（我）姐姐,0
お姉さん,おねえさん,（他人的）姐姐,2
弟,おとうと,（我）弟弟,4
弟さん,おとうとさん,（他人的）弟弟,4
妹,いもうと,（我）妹妹,4
妹さん,いもうとさん,（他人的）妹妹,4
外国,がいこく,外国,0
…時間,…じかん,…小时,
…週間,…しゅうかん,…星期,
…か月,…かげつ,…个月,
…年,…ねん,…年,
～ぐらい,～ぐらい,～左右,
どのぐらい,どのぐらい,多久,0
全部で,ぜんぶで,一共,1
みんな,みんな,全部，全体,3
～だけ,～だけ,只～，仅～,
いらっしゃいませ。,いらっしゃいませ。,欢迎光临（商店、行号在顾客光临时用）,4
簡単［な］,かんたん［な］,简单，单纯,1
近い,ちかい,近,2
遠い,とおい,远,0
速い、早い,はやい,快，早,2
遅い,おそい,慢，晚,2
多い,おおい,〔人〕多，多［ひとが～］［人が～］,1
少ない,すくない,〔人〕少，少［ひとが～］［人が～］,3
暖かい、温かい,あたたかい,温暖，温热,4
涼しい,すずしい,凉,3
甘い,あまい,甜,2
辛い,からい,辣，咸,2
重い,おもい,重,2
軽い,かるい,轻,3
いい,いい,好（咖啡）［コーヒーが～］,1
季節,きせつ,季节,2
春,はる,春,1
夏,なつ,夏,2
秋,あき,秋,1
冬,ふゆ,冬,2
天気,てんき,天气,1
雨,あめ,雨，下雨,1
雪,ゆき,雪，下雪,2
曇り,くもり,阴天,3
ホテル,ホテル,饭店，旅馆,1
空港,くうこう,机场,0
海,うみ,海,1
世界,せかい,世界,1
パーティー,パーティー,舞会，餐会（～をします：办舞会）,1
［お］祭り,［お］まつり,节庆，庆典,0
試験,しけん,考试,2
すき焼き,すきやき,鸡素烧（牛肉和蔬菜的火锅）,0
刺身,さしみ,生鱼片,3
［お］すし,［お］すし,寿司,2
てんぷら,てんぷら,天妇罗,0
生け花,いけばな,花道，插花（～をします：插花）,2
紅葉,もみじ,红叶（秋天的各种变色叶）,1
どちら,どちら,哪边（自二选一）,1
どちらも,どちらも,二者都,1
ずっと,ずっと,～得多，～得很,0
初めて,はじめて,第一次,2
遊びます,あそびます,玩，游乐,
泳ぎます,およぎます,游泳,
迎えます,むかえます,迎接，欢迎,
疲れます,つかれます,疲累,
出します,だします,寄〔信〕［てがみを～］［手紙を～］,
はいります入ります,はいります入ります,进入〔咖啡馆〕［きっさてんに～］［喫茶店に～］,
でます出ます,でます出ます,出〔咖啡馆〕［きっさてんを～］［喫茶店を～］,
結婚します,けっこんします,结婚,
買い物します,かいものします,购物，买东西,
食事します,しょくじします,用餐，吃饭,
散歩します,さんぽします,〔在公园〕散步,
大変［な］,たいへん［な］,重大〔的〕,0
欲しい,ほしい,想要（某事物）,2
寂しい,さびしい,孤独，寂寞,3
広い,ひろい,宽广，广阔,2
市役所,しやくしょ,市政府,2
プール,プール,游泳池,1
川,かわ,河川,2
経済,けいざい,经济,1
美術,びじゅつ,美术,1
釣り,つり,钓鱼（～をします：钓魚）,0
スキー,スキー,滑雪（～をします：滑雪）,2
会議,かいぎ,会议（～をします：开会）,1
登録,とうろく,登记（～をします：登记）,0
週末,しゅうまつ,周末,0
～ごろ～,～ごろ～,左右（用于时间),
何か,なにか,某事物,1
どこか,どこか,某处，某场所,1
おなかがすきました。,おなかがすきました。,肚子饿了。,
おなかがいっぱいです。,おなかがいっぱいです。,吃饱了。,
のどがかわきました。,のどがかわきました。,口渴了。,
そうですね。,そうですね。,是呀。（表赞成）,
そうしましょう。,そうしましょう。,就这么办吧（表示同意他人的意见）,
つけます,つけます,打开（电灯、冷气等）,
消します,けします,关掉（电灯、冷气等）,
開けます,あけます,打开（门、窗等）,
閉めます,しめます,关闭（门、窗等）,
急ぎます,いそぎます,赶快，着急,
待ちます,まちます,等,
止めます,とめます,停止，停车,
曲がります,まがります,转向〔右边〕［みぎへ～］［右へ～］,
持ちます,もちます,持有，携带,
取ります,とります,拿，持,
手伝います,てつだいます,帮忙，帮助,
呼びます,よびます,呼叫，呼唤,
話します,はなします,讲，说,
見せます,みせます,出示，让人看,
教えます,おしえます,告诉〔地址〕［じゅうしょを～］［住所を～］,
始めます,はじめます,开始,
降ります,ふります,下（雨）［あめが～］［雨が～］,
コピーします,コピーします,影印,
エアコン,エアコン,冷暖气机，空调机,0
パスポート,パスポート,护照,3
名前,なまえ,名字，姓名,0
住所,じゅうしょ,地址，住址,1
地図,ちず,地图,1
塩,しお,盐,2
砂糖,さとう,砂糖,2
読み方,よみかた,念法，读法,3
～方,～かた,～方式,
ゆっくり,ゆっくり,慢慢地,3
すぐ,すぐ,马上，立刻,2
また,また,再，又,3
あとで,あとで,等一下，稍后,
もう少し,もうすこし,再多一些,4
もう～,もう～,再～，另外的～,
いいですよ。,いいですよ。,好呀。／可以呀。,
さあ,さあ,好啦（提议做某事时用）,
あれ？,あれ？,什么？（表示惊讶）,
立ちます,たちます,站，立,
座ります,すわります,坐,
使います,つかいます,使用，用,
置きます,おきます,放置，摆放,
作ります、造ります,つくります,做，制造,
売ります,うります,卖，销售,
知ります,しります,得知,
住みます,すみます,居住,
研究します,けんきゅうします,研究,
知っています,しっています,知道,
住んでいます,すんでいます,居住〔在大阪〕［おおさかに～］［大阪に～］,
資料,しりょう,资料,1
カタログ,カタログ,产品目录,0
時刻表,じこくひょう,时刻表,0
服,ふく,衣服,2
製品,せいひん,产品,0
ソフト,ソフト,柔软，软和；软件，程序,1
専門,せんもん,专业，专长,0
歯医者,はいしゃ,牙科医生,1
床屋,とこや,理发店，理发师,0
プレイガイド,プレイガイド,（剧场等的）预售,4
独身,どくしん,单身，未婚,0
乗ります,のります,搭乘〔电车〕［でんしゃに～］［電車に～］,
降ります,おります,下〔电车〕［でんしゃを～］［電車を～］,
乗り換えます,のりかえます,换车,
浴びます,あびます,冲〔淋浴〕［シャワーを～］,
入れます,いれます,放入，放进,
出します,だします,拿出，取出,
入ります,はいります,进入，上〔大学〕［だいがくに～］［大学に～］,
出ます,でます,出，〔大学〕毕业,
やめます,やめます,〔职〕，停止，放弃［かいしゃを～］［会社を～］,
押します,おします,推，按,
若い,わかい,年轻,2
長い,ながい,长,2
短い,みじかい,短,3
明るい,あかるい,明亮,3
暗い,くらい,昏暗,3
背が高い,せがたかい,个子高,
頭がいい,あたまがいい,头脑好，聪明,
体,からだ,身体,0
頭,あたま,头,3
髪,かみ,头发,2
顔,かお,脸,0
目,め,眼睛,1
耳,みみ,耳朵,2
口,くち,嘴巴,0
歯,は,牙齿,1
おなか,おなか,肚子,0
足,あし,脚，腿,2
サービス,サービス,服务,1
ジョギング,ジョギング,慢跑（～をします：慢跑）,0
シャワー,シャワー,淋浴,1
緑,みどり,绿色，绿意,1
［お］寺,［お］てら,寺庙,0
神社,じんじゃ,神社,1
留学生,りゅうがくせい,留学生,3
…番,…ばん,…号,
どうやって,どうやって,怎样，如何,
どの～,どの～,哪个～（用于三者或以上）,
［いいえ、］まだまだです。,［いいえ、］まだまだです。,〔不，〕还不行。还差得远。,
覚えます,おぼえます,记住,
忘れます,わすれます,忘记,
なくします,なくします,遗失,
出します,だします,提交〔报告〕［レポートを～］,
払います,はらいます,支付，付款,
返します,かえします,归还，还,
出かけます,でかけます,出门，外出,
脱ぎます,ぬぎます,脱（衣服、鞋等）,
持って行きます,もっていきます,带（某物）去,
持って来ます,もってきます,带（某物）来,
心配します,しんぱいします,担心,
残業します,ざんぎょうします,加班,
出張します,しゅっちょうします,出差,
飲みます,のみます,吃（药）、服（药）［くすりを～］［薬を～］,
入ります,はいります,洗澡［おふろに～］,
大切［な］,たいせつ［な］,重要的,0
大丈夫［な］,だいじょうぶ［な］,放心，没关系的,3
危ない,あぶない,危险,3
問題,もんだい,问题,0
答え,こたえ,回答,2
禁煙,きんえん,禁烟,0
［健康］保険証,［けんこう］ほけんしょう,健康保险证,5
かぜ,かぜ,感冒,0
熱,ねつ,发烧,2
病気,びょうき,病，生病,0
薬,くすり,药,0
［お］ふろ,［お］ふろ,洗澡,2
上着,うわぎ,夹克，外套,0
下着,したぎ,內衣,0
先生,せんせい,医师（对医生的称呼）,3
2、3日,2、3にち,两三天,
2、3～,2、3～,二三～（用于不定数量的计算）,
～までに,～までに,～在之前（表示时间的期限）,
ですから,ですから,所以，因此,
できます,できます,会，能够，可以,
洗います,あらいます,洗,
弾きます,ひきます,弹（钢琴等）,
歌います,うたいます,唱,
集めます,あつめます,收集,
捨てます,すてます,丢掉，舍弃,
換えます,かえます,交换，变换,
運転します,うんてんします,驾驶,
予約します,よやくします,预约,
見学します,けんがくします,参观见习,
ピアノ,ピアノ,钢琴,0
…メートル,…メートル,…公尺,
国際～,こくさい～,国际～,
現金,げんきん,现金,3
趣味,しゅみ,爱好，嗜好,1
日記,にっき,日记,0
［お］祈り,［お］いのり,祈祷（～をします：祈祷）,3
課長,かちょう,课长，科长,0
部長,ぶちょう,经理，部长,0
社長,しゃちょう,总经理，社长,0
登ります,のぼります,登，爬〔山〕［やまに～］［山に～］,
泊まります,とまります,住（饭店）［ホテルに～］,
掃除します,そうじします,打扫,
洗濯します,せんたくします,洗衣服,
練習します,れんしゅうします,练习,
なります,なります,成为,
眠い,ねむい,想睡，困,0
強い,つよい,强,2
弱い,よわい,弱,2
調子がいい,ちょうしがいい,情況好,
調子が悪い,ちょうしがわるい,情況差,
調子,ちょうし,情况，状态,0
ゴルフ,ゴルフ,高尔夫球（～をします：打高尔夫球）,1
相撲,すもう,相扑,0
パチンコ,パチンコ,小钢珠（～をします：打小钢珠）,0
お茶,おちゃ,茶道,0
日,ひ,日，日子,1
一度,いちど,一次,3
一度も,いちども,连一次也（表否定）,0
だんだん,だんだん,逐渐,0
もうすぐ,もうすぐ,马上,
おかげさまで,おかげさまで,托您的福（略带感谢意思的客气说法）,
要ります,いります,要，需要〔签证〕［ビザが～］,
調べます,しらべます,调查,
直します,なおします,修理，改正,
修理します,しゅうりします,修理,
電話します,でんわします,打电话,
僕,ぼく,我（男性用语，不如“わたし”礼貌）,1
君,きみ,你（男性对晚辈或同辈用，不如“あなた”礼貌）,0
～君,～くん,～君（男性称呼晚辈或同辈用，不如“さん”礼貌）,
うん,うん,对（不如“はい”礼貌）,1
ううん,ううん,不对（不如“いいえ”礼貌）,
サラリーマン,サラリーマン,薪水阶级，上班族,3
ことば,ことば,单字，语言,3
物価,ぶっか,物价,0
着物,きもの,和服（传统的日本服装）,0
ビザ,ビザ,签证,1
初め,はじめ,开始,0
終わり,おわり,结束,0
こっち,こっち,这边（不如“こちら”礼貌）,3
そっち,そっち,那边（不如“そちら”礼貌）,3
あっち,あっち,那边（不如“あちら”礼貌）,3
どっち,どっち,哪边（不如“どちら”礼貌）,1
この間,このあいだ,日前，前些天,0
みんなで,みんなで,大家一起,
～けど,～けど,但是（不如“が”正式）,
思います,おもいます,想，认为，觉得,
言います,いいます,说,
足ります,たります,足够,
勝ちます,かちます,赢，得胜,
負けます,まけます,输，落败,
あります,あります,举行（节庆）［おまつりが～］［お祭りが～］,
役に立ちます,やくにたちます,有用，起作用,
むだ［な］,むだ［な］,沒用〔的〕,0
不便［な］,ふべん［な］,不便〔的〕,1
同じ,おなじ,相同，一样,0
すごい,すごい,厉害（的）（有褒或贬的意思）,2
首相,しゅしょう,总理，首相,0
大統領,だいとうりょう,总统,3
政治,せいじ,政治,0
ニュース,ニュース,新闻,1
スピーチ,スピーチ,演讲（～をします：进行演讲）,2
試合,しあい,比赛,0
アルバイト,アルバイト,打工（～をします：打工）,3
意見,いけん,意见,1
［お］話,［お］はなし,讲话，演讲，故事,3
ユーモア,ユーモア,幽默,1
むだ,むだ,浪费,0
デザイン,デザイン,设计,2
交通,こうつう,交通,0
ラッシュ,ラッシュ,交通巅峰时间,1
最近,さいきん,最近,0
たぶん,たぶん,大概，可能,1
きっと,きっと,一定,0
ほんとうに,ほんとうに,真的，的确,0
そんなに,そんなに,并不（用于否定）,4
～について,～について,关于～,
しかたがありません。,しかたがありません。,没办法,
着ます,きます,穿（衬衫等）［シャツを～］,
はきます,はきます,穿〔鞋，裤子〕［くつを～］［靴を～］,
かぶります,かぶります,戴〔帽子等〕［ぼうしを～］［帽子を～］,
かけます,かけます,戴〔眼镜〕［めがねを～］［眼鏡を～］,
生まれます,うまれます,出生,
コート,コート,大衣，外套,1
スーツ,スーツ,西裝,1
セーター,セーター,毛衣,1
帽子,ぼうし,帽子,0
眼鏡,めがね,眼镜,1
よく,よく,经常,1
おめでとうございます。,おめでとうございます。,恭喜。（用于生日，婚礼，新年等时）,
聞きます,ききます,问〔老师〕［せんせいに～］［先生に～］,
回します,まわします,转动,
引きます,ひきます,拉,
変えます,かえます,改变，换,
触ります,さわります,摸，碰触〔门〕［ドアに～］,
出ます,でます,〔零钱〕出来［おつりが～］［お釣りが～］,
動きます,うごきます,（钟表）转动［とけいが～］［時計が～］,
歩きます,あるきます,走〔路〕［みちを～］［道を～］,
渡ります,わたります,过（桥）［はしを～］［橋を～］,
気をつけます,きをつけます,小心〔车辆〕，注意〔车辆〕［くるまに～］［車に～］,
引っ越しします,ひっこしします,搬家,
電気屋,でんきや,电器行,0
～屋,～や,经营某种店铺的人,
サイズ,サイズ,尺寸,1
音,おと,声音,2
機械,きかい,机械，机器,2
つまみ,つまみ,旋转钮,0
故障,こしょう,故障（～します：发生故障）,0
道,みち,道路,0
交差点,こうさてん,十字路口,0
信号,しんごう,红绿灯,0
角,かど,转角,1
橋,はし,桥,2
駐車場,ちゅうしゃじょう,停车场,0
…目,…め,第…,
［お］正月,［お］しょうがつ,新年,0
ごちそうさま［でした］。,ごちそうさま［でした］。,谢谢你的款待。（用于饮食后）,
くれます,くれます,给（我）,
連れて行きます,つれていきます,带（某人）去,
連れて来ます,つれてきます,带（某人）来,
送ります,おくります,送〔人〕［ひとを～］［人を～］,
紹介します,しょうかいします,介绍,
案内します,あんないします,带路，引路,
説明します,せつめいします,说明,
いれます,いれます,冲，泡〔咖啡〕［コーヒーを～］,
おじいさん／おじいちゃん,おじいさん／おじいちゃん,祖父，老爷爷,2
おばあさん／おばあちゃん,おばあさん／おばあちゃん,祖母，老奶奶,2
準備,じゅんび,准备（～します：做准备）,1
意味,いみ,意思,1
［お］菓子,［お］かし,糕点，点心,1
全部,ぜんぶ,全部,1
自分で,じぶんで,自己～,
考えます,かんがえます,思考，想,
着きます,つきます,到达，抵达（车站）［えきに～］［駅に～］,
留学します,りゅうがくします,留学,
取ります,とります,上（年纪）［としを～］［年を～］,
田舎,いなか,乡下，故乡,0
大使館,たいしかん,大使馆,3
グループ,グループ,组，群,2
チャンス,チャンス,机会,1
億,おく,亿,1
もし［～たら］,もし［～たら］,如果～,
いくら［～ても］,いくら［～ても］,无论～也，怎么～也,
